t,diameter,height,angle
0,40.17058725,15.12162791,69.9999319
1000,40.17070915,15.12162763,69.99902257
2000,40.17073541,15.1216275,69.99895483
3000,40.17075452,15.12162767,69.99890623
4000,40.17076988,15.12162093,69.99886922
5000,40.17078527,15.12162815,69.99883262
6000,40.17079693,15.121651,69.99879866
7000,40.17080123,15.121665,69.9987821
8000,40.17080339,15.12164559,69.99878036
9000,40.17081326,15.12158421,69.99877225
10000,40.1708374,15.12149081,69.99873575
11000,40.17087466,15.12138967,69.99866292
12000,40.17091624,15.12131371,69.99856449
13000,40.17094839,15.1212994,69.99846638
14000,40.17095597,15.12138312,69.99840243
15000,40.17092562,15.12159877,69.9984068
16000,40.17084809,15.1219766,69.99850761
17000,40.17071967,15.12254256,69.99872265
18000,40.1705428,15.12331831,69.99905694
19000,40.17032607,15.12432141,69.99950188
20000,40.17008431,15.12556565,70.00002899
21000,40.16985165,15.12706151,70.00047688
22000,40.16964223,15.12881656,70.00092029
23000,40.16947984,15.13083589,70.0013227
24000,40.16939144,15.13312244,70.00164012
25000,40.16940561,15.1356773,70.00182472
26000,40.16955173,15.13850005,70.00182639
27000,40.1698594,15.14158896,70.00159407
28000,40.17035791,15.14494124,70.00107684
29000,40.17107589,15.14855323,70.00022493
30000,40.17207222,15.15242055,69.99868927
31000,40.17338035,15.15653823,69.99647838
32000,40.175019,15.16090089,69.99361209
33000,40.17701412,15.16550283,69.99003855
34000,40.17939027,15.170338,69.98571031
35000,40.18217008,15.17540007,69.98058633
36000,40.18537399,15.18068256,69.97463285
37000,40.18902007,15.18617882,69.96782394
38000,40.19312395,15.19188214,69.96014192
39000,40.1976988,15.19778576,69.95157752
40000,40.20275526,15.20388292,69.94212996
41000,40.20830147,15.21016687,69.93180689
42000,40.21434313,15.2166309,69.92062417
43000,40.22088351,15.22326839,69.90860557
44000,40.22792358,15.23007277,69.89578233
45000,40.23546204,15.23703759,69.88219262
46000,40.24349553,15.24415652,69.86788092
47000,40.25201869,15.25142334,69.85289739
48000,40.26102433,15.25883199,69.83729709
49000,40.27050359,15.26637653,69.82113922
50000,40.28044611,15.27405121,69.8044864
51000,40.29084018,15.28185042,69.78740382
52000,40.30167291,15.28976874,69.76995854
53000,40.31293041,15.29780093,69.75221878
54000,40.32516437,15.30594191,69.72892451
55000,40.33814273,15.31418676,69.70398341
56000,40.35165609,15.32253192,69.67867081
57000,40.36564085,15.33097391,69.65321667
58000,40.38005045,15.33950829,69.62779331
59000,40.39484549,15.34813008,69.60254522
60000,40.40999074,15.35683425,69.57759838
61000,40.42545386,15.3656159,69.55306426
62000,40.44120481,15.37447043,69.52904197
63000,40.45721552,15.38339358,69.5056197
64000,40.47414311,15.39238139,69.4762711
65000,40.49185469,15.40143013,69.4447789
66000,40.50992347,15.41053783,69.41415643
67000,40.52824326,15.41970313,69.3847174
68000,40.54674394,15.4289232,69.3566498
69000,40.56537192,15.43819435,69.33008093
70000,40.58408378,15.44751271,69.30509946
71000,40.60284341,15.45687462,69.28176668
72000,40.62162023,15.46627684,69.26012344
73000,40.64080479,15.47571659,69.23587907
74000,40.66071368,15.4851914,69.20843942
75000,40.68069974,15.49470012,69.18331446
76000,40.70063142,15.50424312,69.16080401
77000,40.720435,15.51381945,69.14101353
78000,40.74006093,15.52342707,69.12397016
79000,40.75947381,15.53306367,69.10965821
80000,40.77864768,15.54272717,69.09803645
81000,40.79756335,15.55241593,69.08904811
82000,40.8162066,15.56212881,69.08262726
83000,40.83456697,15.57186515,69.07870289
84000,40.85263688,15.58162471,69.07720175
85000,40.87041098,15.59140763,69.07805021
86000,40.88788561,15.60121435,69.08117552
87000,40.90505844,15.61104556,69.08650668
88000,40.92192816,15.62090212,69.09397489
89000,40.93849423,15.63078508,69.10351392
90000,40.95475674,15.64069558,69.11506018
91000,40.9707162,15.65063485,69.1285528
92000,40.98637349,15.66060416,69.14393355
93000,41.00172976,15.67060486,69.16114675
94000,41.01678635,15.68063828,69.18013909
95000,41.03154477,15.69070577,69.20085954
96000,41.04600664,15.70080868,69.22325912
97000,41.06017371,15.71094834,69.24729074
98000,41.07471591,15.72112607,69.2666041
99000,41.08931655,15.73134304,69.28619173
100000,41.10379515,15.74160159,69.30696586
101000,41.11812042,15.75190421,69.32892602
102000,41.13227598,15.76225217,69.35206293
103000,41.14625131,15.77264597,69.37636374
104000,41.16003898,15.78308574,69.40181375
105000,41.17363339,15.79357149,69.4283972
106000,41.18703015,15.80410326,69.4560977
107000,41.20022571,15.81468114,69.48489847
108000,41.21354082,15.82530528,69.51140862
109000,41.2272223,15.83597582,69.53523215
110000,41.24085289,15.84669345,69.55999547
111000,41.25438601,15.85745993,69.58568539
112000,41.26779966,15.86827618,69.61229124
113000,41.28108001,15.87914219,69.63980272
114000,41.2942173,15.89005753,69.66820949
115000,41.30720409,15.90102167,69.69750108
116000,41.32003452,15.91203414,69.72766689
117000,41.33285547,15.92309456,69.75697292
118000,41.3461228,15.93420262,69.78247174
119000,41.35937069,15.94535829,69.80879448
120000,41.37254541,15.95656276,69.83590857
121000,41.38562406,15.96781681,69.86379808
122000,41.39859258,15.97912036,69.89245116
123000,41.41144109,15.99047291,69.92185766
124000,41.42416209,16.00190603,69.9520082
125000,41.43674962,16.01353473,69.98289389
126000,41.44883461,16.02518266,70.01818942
127000,41.46050753,16.03684936,70.05512548
128000,41.4721875,16.04853391,70.09074463
129000,41.48392767,16.06023492,70.12516666
130000,41.49575731,16.07195235,70.15844987
131000,41.50769683,16.08368707,70.19062641
132000,41.51976229,16.09544017,70.2217131
133000,41.53193493,16.10721267,70.2521581
134000,41.54333891,16.11900534,70.28965976
135000,41.5547303,16.13081876,70.32551883
136000,41.56621436,16.14265177,70.35991845
137000,41.57783094,16.15450313,70.3929146
138000,41.58960618,16.16637273,70.42452732
139000,41.60156069,16.17826106,70.45475744
140000,41.61371246,16.19016873,70.48359263
141000,41.62441701,16.20209626,70.52901442
142000,41.63154421,16.21404441,70.59910553
143000,41.63830548,16.22601239,70.66495912
144000,41.64498523,16.23799162,70.72751341
145000,41.30618137,16.24997884,74.33410773
146000,41.21848621,16.26206464,74.19161149
147000,41.1848711,16.27383471,74.11239905
148000,41.1657278,16.2849841,74.06388591
149000,41.15377771,16.29604564,74.0330568
150000,41.14616707,16.30740385,74.01408408
151000,41.14145262,16.31921609,74.00363962
152000,41.13881308,16.33150887,73.99948508
153000,41.13770451,16.34424897,74.00050735
154000,41.13780138,16.35738137,74.00530782
155000,41.13885762,16.37084725,74.01323499
156000,41.14069568,16.38459164,74.02368813
157000,41.14318244,16.39856624,74.03619749
158000,41.14621537,16.41272987,74.05038842
159000,41.14971396,16.42704796,74.06595836
160000,41.1536141,16.4414918,74.08266058
161000,41.15786421,16.4560376,74.10029232
162000,41.16242243,16.47066571,74.11868581
163000,41.16725456,16.48535994,74.1377014
164000,41.17233253,16.50010694,74.15722218
165000,41.17763316,16.51489568,74.17714967
166000,41.18313732,16.52971709,74.19740044
167000,41.1888291,16.54456369,74.21790341
168000,41.19469532,16.55942935,74.23859759
169000,41.20088317,16.57430901,74.25767893
170000,41.20751895,16.58919849,74.27484405
171000,41.21436527,16.60409451,74.29215563
172000,41.22139381,16.61899496,74.30953919
173000,41.22858963,16.63389799,74.32694765
174000,41.23594267,16.64880174,74.34434434
175000,41.24344549,16.66370448,74.36169862
176000,41.25109239,16.6786047,74.37898386
177000,41.25887892,16.69350116,74.39617643
178000,41.26680156,16.7083929,74.41325495
179000,41.27485756,16.72327915,74.43019982
180000,41.28304477,16.73815941,74.44699288
181000,41.29136158,16.7530333,74.46361707
182000,41.2998068,16.76790062,74.48005631
183000,41.30837965,16.78276132,74.49629521
184000,41.31637834,16.79761542,74.51944172
185000,41.32407353,16.81246326,74.54406785
186000,41.33178408,16.82730442,74.56812968
187000,41.33954835,16.84213769,74.59170375
188000,41.34738567,16.8569629,74.61482216
189000,41.35530836,16.87178084,74.63749974
190000,41.36332529,16.88659284,74.65974214
191000,41.37144346,16.90140034,74.6815494
192000,41.37966871,16.91620481,74.70291772
193000,41.38800619,16.93100762,74.72384054
194000,41.39646062,16.94581005,74.74430913
195000,41.40414466,16.96061325,74.77350459
196000,41.41129307,16.97541855,74.80527334
197000,41.41842259,16.99022627,74.83600981
198000,41.42559152,17.00512012,74.86585754
199000,41.43282964,17.02014779,74.89488226
200000,41.44015648,17.0351301,74.9231185
201000,41.4475866,17.05006912,74.95058352
202000,41.45513188,17.06496706,74.97728342
203000,41.46261126,17.07982609,75.00579623
204000,41.4676635,17.09464822,75.05646005
205000,41.47240941,17.10943579,75.10450363
206000,41.47708458,17.12418746,75.15071296
207000,41.4817644,17.13890106,75.19539108
208000,41.48649021,17.15357723,75.23870496
209000,41.18832949,17.16821857,79.02232214
210000,41.06281851,17.18288251,78.85733931
211000,41.01840818,17.1974565,78.78518304
212000,40.99159746,17.21139609,78.73794888
213000,40.97320809,17.2250085,78.70561271
214000,40.96005232,17.23868359,78.6818263
215000,40.95043808,17.25263811,78.66433902
216000,40.94338017,17.26695451,78.65169987
217000,40.93825554,17.28164096,78.64290791
218000,40.93464556,17.29667049,78.63723869
219000,40.93225505,17.31200226,78.63414755
220000,40.93086751,17.32759241,78.6332122
221000,40.93031896,17.34339913,78.63409707
222000,40.93048192,17.35938469,78.6365303
223000,40.93125525,17.37551612,78.64028846
224000,40.93255741,17.39176503,78.64518576
225000,40.93432181,17.40810729,78.65106634
226000,40.93649351,17.42452249,78.65779856
227000,40.93902683,17.44099344,78.66527048
228000,40.94188351,17.45750571,78.67338649
229000,40.94503132,17.47404721,78.68206446
230000,40.94844299,17.49060782,78.69123353
231000,40.95209535,17.50717914,78.70083232
232000,40.9559686,17.52375415,78.71080736
233000,40.96004582,17.54032705,78.72111192
234000,40.96431246,17.55689307,78.73170491
235000,40.96875598,17.57344829,78.7425501
236000,40.97334525,17.58998954,78.7538607
237000,40.97802819,17.60651427,78.76585862
238000,40.9828457,17.62302049,78.778009
239000,40.98779555,17.63950654,78.79029721
240000,40.99287356,17.65597117,78.80270514
241000,40.99807554,17.67241352,78.81521505
242000,41.00339761,17.68883307,78.82781019
243000,41.00883626,17.70522958,78.84047489
244000,41.01438837,17.72160301,78.85319454
245000,41.02005119,17.73795349,78.86595546
246000,41.02582228,17.75428131,78.87874483
247000,41.03169953,17.77058689,78.89155059
248000,41.03768107,17.78687073,78.90436136
249000,41.04376528,17.80313343,78.91716636
250000,41.04995077,17.81937567,78.92995531
251000,41.05623632,17.83559817,78.94271841
252000,41.06262092,17.85180172,78.95544627
253000,41.06910368,17.86798715,78.96812983
254000,41.07568387,17.88415531,78.98076036
255000,41.08236089,17.90030709,78.9933294
256000,41.08876911,17.91644341,79.01001026
257000,41.0946365,17.93256526,79.03102633
258000,41.10047564,17.94867367,79.05159605
259000,41.1063329,17.96476853,79.07184408
260000,41.11222824,17.98084985,79.09182039
261000,41.11817335,17.99691847,79.11155121
262000,41.12417604,18.01318586,79.13105142
263000,41.130242,18.02944254,79.15032939
264000,41.1363756,18.04563533,79.16938935
265000,41.14258041,18.06176632,79.1882327
266000,41.14885942,18.07783753,79.20685887
267000,41.15521527,18.09385086,79.22526581
268000,41.16165029,18.10980814,79.24345031
269000,41.16778248,18.12571107,79.26559809
270000,41.17362331,18.14156138,79.28961081
271000,41.17947105,18.1573606,79.31310863
272000,41.18535598,18.17310937,79.33617613
273000,41.19129296,18.18880852,79.35885066
274000,41.19729145,18.20445935,79.38115238
275000,41.20335833,18.2200635,79.40309258
276000,41.20949895,18.23562275,79.42467711
277000,41.21571779,18.25113888,79.44590815
278000,41.22201875,18.26661363,79.46678524
279000,41.22840534,18.28204862,79.48730593
280000,41.23454548,18.29744541,79.5114785
281000,41.23990795,18.31280552,79.54189748
282000,41.2452184,18.32813056,79.57131997
283000,41.25054209,18.34342081,79.59997618
284000,41.25590636,18.35867626,79.62795929
285000,41.26132755,18.37389773,79.65532048
286000,41.26681707,18.38908671,79.68209054
287000,41.27238366,18.404245,79.70828817
288000,41.27803453,18.4193745,79.73392405
289000,41.28300861,18.43447709,79.76833521
290000,41.28581334,18.44955462,79.81979468
291000,41.28841869,18.4646094,79.868354
292000,41.29096467,18.47964059,79.91505581
293000,41.29350313,18.49464647,79.96030901
294000,41.29570423,18.50962736,80.00962929
295000,40.92852429,18.52458547,83.74122164
296000,40.85805224,18.53960942,83.58692736
297000,40.82380267,18.55450258,83.49921747
298000,40.79917898,18.56890935,83.4663667
299000,40.78123902,18.58304725,83.44126083
300000,40.76776374,18.59719343,83.42184787
301000,40.75744583,18.61152047,83.40677229
302000,40.74947656,18.62611056,83.39511609
303000,40.74332283,18.64099012,83.38622628
304000,40.73861564,18.65615497,83.37962032
305000,40.73508923,18.67158579,83.37493017
306000,40.73254569,18.6872569,83.3718675
307000,40.73083341,18.70314096,83.37020115
308000,40.72983342,18.71921147,83.36974228
309000,40.72945053,18.73544392,83.37033419
310000,40.72960724,18.75181623,83.37184518
311000,40.73023969,18.76830886,83.3741635
312000,40.73129456,18.78490467,83.37719348
313000,40.73272703,18.80158873,83.38085268
314000,40.73449905,18.81834811,83.38506967
315000,40.73657814,18.83517163,83.3897822
316000,40.73893643,18.85204965,83.39493583
317000,40.74154987,18.86897391,83.40048274
318000,40.74439761,18.8859373,83.40638072
319000,40.74746156,18.90293374,83.41259246
320000,40.7507259,18.91995803,83.41908477
321000,40.75417679,18.93700577,83.4258281
322000,40.75780208,18.95407321,83.432796
323000,40.7615911,18.97115722,83.43996473
324000,40.7655344,18.98825515,83.44731293
325000,40.76962365,19.00545691,83.45482127
326000,40.77385146,19.02282831,83.46247223
327000,40.77821125,19.0401445,83.47024987
328000,40.7826972,19.05740456,83.47813964
329000,40.78730409,19.07460787,83.48612819
330000,40.79202727,19.09175404,83.49420326
331000,40.79670341,19.10884294,83.50436054
332000,40.80090125,19.1258746,83.51941894
333000,40.80508991,19.1428494,83.5342598
334000,40.80931048,19.15976731,83.54900523
335000,40.81357749,19.17662806,83.56369361
336000,40.81789836,19.19343187,83.5783417
337000,40.82227743,19.21017944,83.5929571
338000,40.82671743,19.22687183,83.60754258
339000,40.83122017,19.24351031,83.62209813
340000,40.83578689,19.26009623,83.63662206
341000,40.84041848,19.27663101,83.65111159
342000,40.8451156,19.29311607,83.66556324
343000,40.84987873,19.30955283,83.6799731
344000,40.85470828,19.32594269,83.69433697
345000,40.85960459,19.34228706,83.70865046
346000,40.86456793,19.3585873,83.72290906
347000,40.86959858,19.37484476,83.73710821
348000,40.87467578,19.39106077,83.75155273
349000,40.87943661,19.40723665,83.76962148
350000,40.8841921,19.42337378,83.78736709
351000,40.88897798,19.43947333,83.80490348
352000,40.89380585,19.45553618,83.82226341
353000,40.89868204,19.47156328,83.83946251
354000,40.90361065,19.48755581,83.85650916
355000,40.90859464,19.50351511,83.87340786
356000,40.91363625,19.51944259,83.89016073
357000,40.91873728,19.53533968,83.90676834
358000,40.92389925,19.55120779,83.92323014
359000,40.92912345,19.56704834,83.93954485
360000,40.93441103,19.58286267,83.95571057
361000,40.93976303,19.59865212,83.97172499
362000,40.94518043,19.61441797,83.98758545
363000,40.95058145,19.63016148,84.00438988
364000,40.95556061,19.64588388,84.02533872
365000,40.96052311,19.66158647,84.04578478
366000,40.96550879,19.67727027,84.0658672
367000,40.97053239,19.69293589,84.08563385
368000,40.97560232,19.70858406,84.10510993
369000,40.98072421,19.72421583,84.12431052
370000,40.98590218,19.73983241,84.1432451
371000,40.99113948,19.75543513,84.16191959
372000,40.99643875,19.77102533,84.1803375
373000,41.00180228,19.78660438,84.19850064
374000,41.00723205,19.80217358,84.21640955
375000,41.01272987,19.8177342,84.23406377
376000,41.01826578,19.83328749,84.25193602
377000,41.02309535,19.84883463,84.27716223
378000,41.02785893,19.86437691,84.30149367
379000,41.03263136,19.87991539,84.32521404
380000,41.03743577,19.8954504,84.348417
381000,41.04228489,19.91098237,84.37115172
382000,41.04718707,19.92651213,84.39344848
383000,41.05214841,19.94204083,84.41532714
384000,41.05717368,19.9575698,84.43680106
385000,41.06226677,19.97310041,84.45787918
386000,41.06743104,19.98863405,84.47856725
387000,41.07266946,20.00424533,84.4988687
388000,41.0767087,20.02002849,84.53218346
389000,41.08041976,20.03576623,84.56523684
390000,41.08410507,20.05146006,84.59706893
391000,41.08780587,20.06711009,84.62795106
392000,41.0915431,20.08271635,84.65801906
393000,41.09532991,20.0982796,84.68735623
394000,41.09917549,20.11380119,84.71601834
395000,41.10308683,20.12928282,84.74404436
396000,41.10377767,20.14472632,84.8080361
397000,41.10205765,20.16013388,84.88262238
398000,41.10046014,20.17550851,84.9491523
399000,41.09778548,20.19084865,85.0282011
400000,40.72340277,20.20615099,88.7374885
401000,40.66042895,20.22147603,88.56726223
402000,40.62815148,20.23678289,88.47285929
403000,40.60541717,20.25174323,88.42098237
404000,40.58909858,20.2663958,88.37998627
405000,40.57692776,20.28092343,88.34726514
406000,40.56763351,20.29548046,88.32109091
407000,40.56043465,20.3101637,88.30022613
408000,40.55481918,20.3250236,88.2837397
409000,40.550436,20.34007994,88.27091051
410000,40.54703583,20.35533392,88.26116879
411000,40.5444366,20.37077633,88.2540569
412000,40.54247928,20.38639265,88.24950725
413000,40.54097082,20.40216613,88.24782231
414000,40.53999144,20.41807962,88.24707674
415000,40.53949112,20.43411649,88.24718776
416000,40.53941985,20.45026114,88.2480659
417000,40.53973376,20.46649938,88.24962916
418000,40.54027965,20.48281852,88.25305644
419000,40.54103882,20.49920732,88.25764188
420000,40.54202614,20.51565589,88.26297788
421000,40.54322367,20.5321554,88.26898278
422000,40.5446149,20.54869803,88.27557949
423000,40.54618533,20.56527691,88.28269851
424000,40.54792234,20.58188608,88.29027778
425000,40.54981494,20.59852037,88.29826188
426000,40.55185356,20.61517532,88.30660134
427000,40.55402983,20.63184708,88.31525191
428000,40.55633642,20.64853235,88.32417393
429000,40.55876691,20.66522833,88.33333183
430000,40.56131561,20.68193263,88.3426936
431000,40.56397752,20.69864324,88.35223041
432000,40.56674822,20.71535849,88.36191625
433000,40.56962378,20.73207701,88.37172759
434000,40.57260073,20.74879769,88.38164313
435000,40.57567596,20.76551963,88.39164354
436000,40.57884671,20.78224218,88.40171126
437000,40.58211051,20.79896484,88.41183032
438000,40.58546515,20.81568728,88.42198614
439000,40.58890867,20.83240932,88.43216542
440000,40.59243928,20.84913091,88.44235602
441000,40.59605539,20.86585211,88.4525468
442000,40.59975556,20.88257307,88.46272759
443000,40.6035385,20.89929406,88.47288901
444000,40.60740303,20.9160154,88.48302249
445000,40.6113481,20.93273749,88.49312012
446000,40.61525852,20.9494608,88.50463472
447000,40.61879612,20.96618585,88.51989163
448000,40.62234156,20.98291329,88.53470888
449000,40.62592747,20.99964375,88.5492329
450000,40.62956586,21.01664456,88.56351221
451000,40.63326329,21.03359447,88.57757143
452000,40.63702388,21.05048785,88.59142495
453000,40.64085046,21.06732573,88.60508174
454000,40.64474508,21.08410927,88.61854753
455000,40.64870924,21.10083973,88.63182605
456000,40.65274411,21.1175184,88.64491968
457000,40.6568506,21.1341466,88.65782994
458000,40.66102945,21.15072562,88.67055776
459000,40.66528122,21.16725678,88.68310365
460000,40.6696064,21.18374136,88.69546789
461000,40.67400535,21.20018062,88.70765059
462000,40.6784784,21.2165758,88.71965174
463000,40.68302579,21.23292814,88.7314713
464000,40.68764771,21.24923885,88.74310921
465000,40.69214235,21.2655091,88.75707628
466000,40.69610793,21.28174008,88.77572331
467000,40.70006856,21.29793307,88.79353014
468000,40.70406742,21.31408922,88.8107332
469000,40.70812094,21.33020917,88.8274237
470000,40.71223827,21.34629358,88.84365377
471000,40.71642524,21.36234331,88.85945816
472000,40.72068587,21.37835947,88.87486202
473000,40.72502308,21.39434333,88.88988453
474000,40.72943902,21.4102962,88.9045409
475000,40.73393531,21.42621947,88.91884364
476000,40.7385132,21.44211449,88.93280327
477000,40.74317364,21.45798261,88.94642888
478000,40.74791737,21.47382512,88.95972849
479000,40.75274494,21.48964331,88.9727093
480000,40.75765674,21.5054384,88.98537786
481000,40.76265306,21.52121157,88.99774024
482000,40.7670669,21.53696399,89.01718294
483000,40.77105859,21.55269681,89.03881243
484000,40.77507697,21.56841134,89.05919133
485000,40.77915863,21.58410846,89.07861232
486000,40.78331975,21.59978851,89.09721106
487000,40.78756956,21.61545194,89.11507171
488000,40.79191388,21.63109954,89.13225372
489000,40.79635659,21.64673237,89.14880223
490000,40.80090028,21.66235166,89.16475327
491000,40.80554671,21.67795873,89.1801367
492000,40.81029703,21.69355492,89.19497799
493000,40.81515195,21.70914157,89.20929942
494000,40.82011182,21.72471997,89.22312085
495000,40.82517674,21.74029138,89.23646029
496000,40.83034658,21.75585698,89.24933426
497000,40.83459813,21.77141792,89.27294866
498000,40.83822963,21.78697536,89.29964774
499000,40.84191264,21.80253067,89.32409892
500000,40.84571319,21.81808465,89.34677444
501000,40.84964815,21.83363728,89.36799215
502000,40.85372604,21.84918868,89.38793895
503000,40.85795146,21.86473941,89.40674391
504000,40.86232675,21.88029049,89.42450482
505000,40.86685275,21.89584316,89.44130023
506000,40.87152928,21.91139883,89.45719587
507000,40.87635547,21.92695893,89.47224846
508000,40.88132989,21.94252488,89.48650808
509000,40.88645072,21.95809804,89.50001982
510000,40.8905165,21.9736797,89.52609925
511000,40.8932952,21.98927111,89.56156895
512000,40.89586555,22.00496031,89.59538284
513000,40.89863603,22.02081748,89.62536491
514000,40.90171558,22.03663385,89.65175871
515000,40.90511968,22.05240897,89.6751523
516000,40.90884039,22.06814298,89.69603226
517000,40.91286513,22.08383683,89.71475824
518000,40.91718065,22.09949202,89.73160395
519000,40.92177353,22.1151104,89.74678958
520000,40.92617369,22.13069389,89.76585197
521000,40.92934177,22.14624439,89.79701889
522000,40.93165744,22.16176388,89.83365706
523000,40.9336635,22.1772543,89.87033016
524000,40.93580129,22.19271665,89.9036531
525000,40.93837753,22.20815094,89.93184449
526000,40.9415781,22.22355691,89.9542444
527000,40.94548841,22.23893463,89.97097059
528000,40.95011307,22.25428484,89.98267091
529000,40.95539698,22.26960896,89.99030482
530000,40.9612491,22.28490889,89.9949316
531000,40.96756594,22.3001868,89.99752888
532000,40.97425025,22.3154449,89.99887725
533000,40.98122166,22.33068526,89.9995245
534000,40.98841965,22.34590966,89.99981204
535000,40.99580119,22.36111953,89.99993048
536000,41.00333653,22.37631596,89.99997582
537000,41.01100492,22.39149968,89.99999199
538000,41.01879144,22.40667118,89.99999739
539000,41.02668487,22.42183072,89.99999908
540000,41.03467638,22.43697845,89.99999959
541000,41.0427588,22.45211442,89.99999973
542000,41.05092611,22.46723863,89.99999978
543000,41.05917317,22.48235109,89.99999979
544000,41.06749556,22.49745182,89.9999998
545000,41.07588938,22.51254086,89.99999981
546000,41.08435118,22.52761829,89.99999981
547000,41.09287791,22.54268422,89.99999982
548000,41.10146681,22.55773884,89.99999982
549000,41.1101154,22.57278233,89.99999982
550000,41.1188214,22.58781495,89.99999982
551000,41.12758275,22.60283699,89.99999982
552000,41.13639757,22.61784878,89.99999983
553000,41.14526412,22.63285068,89.99999983
554000,41.15418079,22.64784309,89.99999983
555000,41.16314608,22.66282645,89.99999983
556000,41.17215863,22.67780121,89.99999983
557000,41.18121714,22.69276785,89.99999982
558000,41.19032042,22.7077269,89.99999982
559000,41.19946735,22.72267887,89.99999982
560000,41.20865687,22.73762432,89.99999982
561000,41.21788801,22.75256383,89.99999981
562000,41.22715983,22.76749798,89.99999981
563000,41.23647147,22.78242738,89.9999998
564000,41.2458221,22.79735263,89.9999998
565000,41.25521095,22.81227439,89.99999979
566000,41.26463728,22.82719328,89.99999978
567000,41.27410041,22.84210995,89.99999977
568000,41.28359968,22.85702508,89.99999975
569000,41.29313445,22.87193932,89.99999974
570000,41.30270415,22.88685336,89.99999972
571000,41.3123082,22.90176788,89.9999997
572000,41.32194607,22.91668357,89.99999967
573000,41.33161725,22.93160112,89.99999963
574000,41.34132125,22.94652124,89.99999959
575000,41.35105761,22.96144463,89.99999952
576000,41.36082588,22.97637199,89.99999944
577000,41.37062563,22.99130404,89.99999932
578000,41.38045647,23.00635172,89.99999914
579000,41.39031801,23.02152467,89.99999887
580000,41.40020988,23.03665591,89.99999842
581000,41.41013175,23.05174634,89.99999761
582000,41.42008331,23.06679681,89.99999601
583000,41.43006435,23.08180819,89.99999255
584000,41.44007488,23.09678135,89.99998403
585000,41.45011566,23.11171714,89.99996009
586000,41.46019029,23.12661642,89.99988196
587000,41.47031495,23.14148004,89.99958238
588000,41.48057096,23.15630886,89.99821655
589000,41.49143951,23.17110372,89.99070612
590000,41.50645011,23.18586545,89.93899459
591000,41.56112973,23.20059477,89.45500388
592000,41.64369931,23.21529169,88.91381131
593000,41.68712683,23.22994637,88.78008823
594000,41.7241895,23.2445531,88.68081351
595000,41.75781641,23.25915215,88.5925965
596000,41.79197638,23.27377306,88.48973616
597000,41.82274639,23.28841899,88.41978843
598000,41.85341052,23.3030777,88.34128577
599000,41.88524517,23.31773422,88.24863254
600000,41.91350488,23.33237457,88.19616932
601000,41.94097701,23.34698594,88.14154836
602000,41.96859627,23.36155936,88.08162479
603000,41.99681756,23.37608833,88.01460224
604000,42.02579466,23.39056665,87.94596762
605000,42.05290427,23.40498903,87.89504055
606000,42.07856114,23.41935195,87.85437397
607000,42.10280244,23.43365439,87.82282752
608000,42.12569451,23.44789619,87.79931116
609000,42.14731952,23.46207703,87.78282686
610000,42.16616379,23.47619635,87.79022785
611000,42.18254886,23.4902535,87.80946879
612000,42.19818142,23.50424833,87.82723321
613000,42.21329518,23.51818115,87.84387857
614000,42.22801259,23.53205115,87.8596035
615000,42.24241267,23.54585735,87.87454182
616000,42.25655136,23.55959959,87.88879157
617000,42.27047058,23.57327881,87.90242819
618000,42.28420286,23.58689691,87.91551172
619000,42.29777417,23.60045649,87.9280911
620000,42.31120563,23.61396062,87.94020703
621000,42.32451475,23.62741266,87.95189384
622000,42.33771622,23.64081613,87.96318091
623000,42.35082254,23.65417456,87.97409368
624000,42.36384444,23.66749147,87.98465433
625000,42.37679123,23.6807703,87.99488243
626000,42.38876401,23.69401437,88.01538314
627000,42.39920051,23.70722684,88.04574071
628000,42.40939553,23.72041094,88.07403638
629000,42.41946687,23.73357015,88.10075806
630000,42.42946612,23.74670688,88.12615021
631000,42.43942322,23.75982275,88.15037373
632000,42.44935776,23.77291925,88.17354674
633000,42.45928353,23.78599812,88.19576146
634000,42.46921066,23.79906134,88.21709281
635000,42.47914687,23.81211109,88.23760335
636000,42.48870094,23.82514965,88.2622334
637000,42.49722565,23.83817935,88.29428199
638000,42.50566183,23.85120256,88.32428667
639000,42.51408856,23.8642219,88.35270463
640000,42.52253716,23.87723947,88.37975436
641000,42.53102468,23.89025678,88.40558073
642000,42.53956161,23.90327521,88.43029175
643000,42.54815483,23.91629623,88.45397325
644000,42.55680902,23.92932143,88.4766962
645000,42.56552742,23.94235253,88.49852093
646000,42.57338291,23.95539128,88.52929698
647000,42.58101334,23.9684394,88.55928887
648000,42.58867037,23.98149883,88.58759829
649000,42.59638769,23.99457142,88.61448044
650000,42.60418103,24.007793,88.64008949
651000,42.61205902,24.02109596,88.66453675
652000,42.6200267,24.0343782,88.68790954
653000,42.62808698,24.04764083,88.71027983
654000,42.63624148,24.06088508,88.73170885
655000,42.64444539,24.07411222,88.75292331
656000,42.65152555,24.08732352,88.78538643
657000,42.65852392,24.10052025,88.81556512
658000,42.66558749,24.11370391,88.84385284
659000,42.67274743,24.12687583,88.87054402
660000,42.68001797,24.14003673,88.89581782
661000,42.68740636,24.15318707,88.91980334
662000,42.69491626,24.16632737,88.9426016
663000,42.70254923,24.17945829,88.96429576
664000,42.71030553,24.19258065,88.98495662
665000,42.71802495,24.20569532,89.00681524
666000,42.7243969,24.21880327,89.04154026
667000,42.73071844,24.23190543,89.07332142
668000,42.73715498,24.24500313,89.10265908
669000,42.74373704,24.25809744,89.12998313
670000,42.75047744,24.27118874,89.15554765
671000,42.75738158,24.28427715,89.17953315
672000,42.76445103,24.29736288,89.20207971
673000,42.77168519,24.31044638,89.22330201
674000,42.77908209,24.32352825,89.24329733
675000,42.78580387,24.33660925,89.27195638
676000,42.79113334,24.34969021,89.31109344
677000,42.79654106,24.36277207,89.34592334
678000,42.80218226,24.37585628,89.37717379
679000,42.8080745,24.38894367,89.40556536
680000,42.8142208,24.40203424,89.43152212
681000,42.82061854,24.41512782,89.4553409
682000,42.82726205,24.42822448,89.47725135
683000,42.8341439,24.44132458,89.49744138
684000,42.83994638,24.45442878,89.53093067
685000,42.84387293,24.46753786,89.57890742
686000,42.84762755,24.48065288,89.62320372
687000,42.85181453,24.49377554,89.66079556
688000,42.85655324,24.50690687,89.692489
689000,42.86183061,24.52004675,89.71943672
690000,42.86760704,24.5331946,89.7425364
691000,42.87340326,24.54635014,89.7677304
692000,42.87769445,24.55951358,89.80819294
693000,42.88106574,24.57268568,89.8538616
694000,42.88437558,24.58586792,89.89652133
695000,42.88823526,24.59906204,89.93190693
696000,42.89298916,24.61226905,89.95855463
697000,42.89876092,24.62548908,89.97682487
698000,42.90550906,24.63872191,89.98817533
699000,42.91308938,24.65196752,89.99452436
700000,42.92131924,24.66522634,89.9977063
701000,42.93002806,24.67849936,89.99913178
702000,42.93908325,24.69178802,89.99970275
703000,42.94839341,24.70509399,89.99990768
704000,42.95789941,24.718419,89.99997383
705000,42.96756327,24.73176461,89.99999312
706000,42.97735958,24.74513216,89.99999823
707000,42.98727024,24.75852271,89.99999947
708000,42.99728153,24.77193702,89.99999975
709000,43.0073826,24.7853756,89.99999981
710000,43.01756457,24.79883876,89.99999983
711000,43.02782008,24.81232665,89.99999984
712000,43.03814285,24.8258393,89.99999984
713000,43.04852754,24.83937666,89.99999985
714000,43.05896951,24.85293862,89.99999985
715000,43.06946472,24.86652504,89.99999985
716000,43.08000959,24.88013578,89.99999986
717000,43.09060097,24.89377068,89.99999986
718000,43.10123601,24.90742961,89.99999986
719000,43.1119122,24.92111242,89.99999986
720000,43.12262722,24.93481902,89.99999986
721000,43.13337898,24.94854933,89.99999986
722000,43.1441656,24.96230328,89.99999986
723000,43.15498532,24.97608086,89.99999986
724000,43.16583655,24.98988206,89.99999986
725000,43.1767178,25.00377301,89.99999986
726000,43.18762771,25.01784194,89.99999985
727000,43.19856502,25.03189312,89.99999985
728000,43.20952855,25.04592661,89.99999985
729000,43.22051721,25.05994253,89.99999984
730000,43.23152998,25.073941,89.99999984
731000,43.24256591,25.08792217,89.99999983
732000,43.25362411,25.10188622,89.99999982
733000,43.26470374,25.11583336,89.99999981
734000,43.27580404,25.12976382,89.9999998
735000,43.28692427,25.14367785,89.99999979
736000,43.29806375,25.15757572,89.99999978
737000,43.30922183,25.17145774,89.99999976
738000,43.32039791,25.18532421,89.99999973
739000,43.33159143,25.19917545,89.9999997
740000,43.34280186,25.21301183,89.99999966
741000,43.35402869,25.22683369,89.9999996
742000,43.36527145,25.24064141,89.99999952
743000,43.37652971,25.25443539,89.99999941
744000,43.38780306,25.26821602,89.99999924
745000,43.3990911,25.28198371,89.99999895
746000,43.41039349,25.29573891,89.99999843
747000,43.42170991,25.30948203,89.9999974
748000,43.43304011,25.32321352,89.99999509
749000,43.44438404,25.33693384,89.99998917
750000,43.45574224,25.35064346,89.9999713
751000,43.4671179,25.36434284,89.99990669
752000,43.47852747,25.37803246,89.99962252
753000,43.49006934,25.3917128,89.99807807
754000,43.50246411,25.40538437,89.98751139
755000,43.52269977,25.41904765,89.89072346
756000,43.61316175,25.43270317,89.07464579
757000,43.67802,25.44635197,88.7957964
758000,43.72184147,25.45998742,88.67145773
759000,43.76032753,25.47359076,88.56483982
760000,43.79759539,25.4871797,88.4599853
761000,43.83158743,25.50078374,88.37678814
762000,43.8661447,25.5144191,88.2794793
763000,43.89859098,25.52808979,88.20644096
764000,43.9286672,25.54179288,88.14658932
765000,43.95872714,25.55552128,88.08079747
766000,43.98939024,25.56926796,88.00673751
767000,44.01782004,25.58302593,87.95770722
768000,44.04589102,25.59678771,87.90774745
769000,44.07242748,25.61054646,87.86866502
770000,44.0974216,25.62429686,87.83926902
771000,44.1209477,25.63803443,87.81833261
772000,44.14310464,25.65175547,87.8047357
773000,44.16287335,25.66545688,87.81038508
774000,44.18005173,25.67913589,87.82996496
775000,44.19645502,25.69278999,87.84802628
776000,44.2123285,25.70641752,87.86493832
777000,44.22779762,25.72001692,87.88090316
778000,44.24294224,25.73358611,87.89605607
779000,44.25781841,25.74712306,87.9104958
780000,44.27246778,25.7606262,87.92429829
781000,44.28692251,25.77409467,87.93752401
782000,44.30120815,25.78752833,87.95022236
783000,44.31534544,25.80092763,87.96243454
784000,44.32935148,25.81429356,87.97419547
785000,44.34324059,25.82762751,87.9855351
786000,44.35702489,25.84093118,87.99647945
787000,44.3693046,25.85420647,88.02262827
788000,44.38031647,25.86745545,88.05451344
789000,44.39109635,25.88068026,88.08421676
790000,44.4017493,25.89388368,88.11220522
791000,44.41232471,25.90706826,88.1387342
792000,44.42285149,25.92023586,88.16397615
793000,44.43334858,25.93338796,88.18805934
794000,44.44382916,25.94652599,88.2110849
795000,44.45430286,25.95965149,88.23313568
796000,44.4645856,25.97276614,88.25686492
797000,44.4735815,25.98587176,88.2912873
798000,44.4824451,25.99897028,88.32324611
799000,44.49128411,26.0122679,88.35337144
800000,44.50013578,26.02554447,88.38193444
801000,44.50901926,26.0387833,88.40911004
802000,44.51794581,26.05198622,88.43502698
803000,44.5269225,26.06515493,88.4597869
804000,44.53595394,26.07829108,88.48347371
805000,44.54483434,26.09139639,88.50888353
806000,44.55278726,26.10447264,88.5418279
807000,44.56070357,26.11752158,88.57252219
808000,44.56865872,26.13054517,88.60148227
809000,44.57667852,26.14354548,88.6289407
810000,44.58477553,26.15652426,88.6550505
811000,44.59295647,26.16948297,88.6799262
812000,44.60122503,26.18242291,88.70365969
813000,44.6095831,26.19534536,88.72632791
814000,44.61803142,26.20825166,88.74799714
815000,44.62550866,26.22114314,88.78006232
816000,44.63266297,26.23402115,88.81184093
817000,44.63987084,26.24688708,88.84148033
818000,44.64717087,26.2597426,88.86935296
819000,44.65457937,26.27258922,88.89567257
820000,44.66210407,26.28542801,88.92058925
821000,44.66974854,26.29825986,88.94421896
822000,44.67751405,26.31108556,88.96665651
823000,44.68540043,26.32390597,88.98798232
824000,44.69300209,26.33672201,89.01332873
825000,44.69937246,26.34953463,89.0488417
826000,44.70576816,26.36234478,89.08107093
827000,44.71228979,26.37515369,89.11082513
828000,44.71896292,26.38796277,89.1385163
829000,44.72579779,26.40077304,89.16439827
830000,44.73279805,26.41358513,89.18865422
831000,44.73996388,26.42639952,89.21142786
832000,44.74729354,26.43921671,89.23283783
833000,44.75472336,26.45203729,89.25386496
834000,44.76038905,26.46486194,89.29336252
835000,44.76567517,26.47769139,89.3313089
836000,44.77117185,26.49052653,89.36497333
837000,44.77692162,26.50336874,89.39536361
838000,44.78293066,26.51621919,89.42304382
839000,44.78919716,26.52907842,89.4483761
840000,44.79571539,26.54194668,89.47162856
841000,44.80247742,26.55482419,89.49301556
842000,44.80867083,26.56771126,89.52229436
843000,44.81267567,26.58060841,89.57084377
844000,44.81628448,26.5935162,89.61725412
845000,44.82028975,26.60643566,89.65674855
846000,44.82485774,26.61936835,89.68996711
847000,44.82998184,26.63231541,89.71814551
848000,44.83562109,26.64527713,89.74225197
849000,44.84127528,26.65825341,89.76849482
850000,44.84538575,26.67124415,89.81027763
851000,44.8485985,26.68424947,89.85686794
852000,44.85180702,26.69726993,89.89985786
853000,44.85562656,26.71030684,89.93507628
854000,44.86039035,26.72336159,89.96122686
855000,44.86620458,26.73643505,89.97884143
856000,44.87300793,26.74952751,89.98953335
857000,44.88063821,26.76263901,89.99533599
858000,44.8889006,26.77576962,89.99813511
859000,44.89761968,26.78891968,89.99933185
860000,44.90666364,26.80208995,89.99978533
861000,44.91594434,26.81528153,89.99993795
862000,44.92540611,26.8284958,89.99998373
863000,44.93501363,26.84173425,89.99999603
864000,44.94474329,26.85499838,89.99999901
865000,44.95457815,26.86828961,89.99999966
866000,44.96450532,26.8816092,89.9999998
867000,44.97451454,26.89495822,89.99999983
868000,44.98459741,26.90833758,89.99999984
869000,44.99474693,26.92174801,89.99999985
870000,45.00495718,26.93519012,89.99999986
871000,45.01522307,26.94866438,89.99999986
872000,45.02554021,26.96217117,89.99999986
873000,45.03590476,26.97571078,89.99999987
874000,45.04631334,26.98928345,89.99999987
875000,45.05676298,27.00294071,89.99999987
876000,45.06725099,27.01679769,89.99999987
877000,45.077775,27.03064802,89.99999987
878000,45.08833283,27.04449169,89.99999988
879000,45.09892254,27.05832868,89.99999988
880000,45.10954234,27.07215897,89.99999988
881000,45.1201906,27.08598256,89.99999988
882000,45.13086582,27.09979946,89.99999988
883000,45.14156661,27.11360968,89.99999987
884000,45.15229171,27.12741325,89.99999987
885000,45.16303991,27.14121023,89.99999987
886000,45.17381013,27.15500069,89.99999987
887000,45.18460132,27.16878471,89.99999987
888000,45.19541252,27.1825624,89.99999986
889000,45.20624284,27.1963339,89.99999986
890000,45.21709143,27.21009933,89.99999986
891000,45.22795749,27.22385888,89.99999985
892000,45.23884029,27.23761273,89.99999985
893000,45.2497391,27.25136106,89.99999984
894000,45.26065328,27.26510411,89.99999983
895000,45.2715822,27.27884211,89.99999982
896000,45.28252526,27.29257531,89.99999981
897000,45.29348192,27.30630397,89.9999998
898000,45.30445163,27.32002839,89.99999978
899000,45.31543391,27.33374886,89.99999976
900000,45.32642829,27.34746569,89.99999974
901000,45.33743431,27.36117921,89.9999997
902000,45.34845155,27.37488975,89.99999966
903000,45.35947963,27.38859767,89.9999996
904000,45.37051816,27.40230333,89.99999951
905000,45.38156678,27.41600711,89.99999938
906000,45.39262517,27.42970938,89.99999918
907000,45.403693,27.44341055,89.99999883
908000,45.41477,27.45711101,89.99999819
909000,45.42585591,27.47081119,89.99999684
910000,45.4369506,27.48451151,89.99999363
911000,45.4480542,27.4982124,89.99998476
912000,45.45916791,27.5119143,89.99995564
913000,45.470298,27.52561766,89.99984003
914000,45.48147887,27.53932293,89.99927607
915000,45.49293738,27.55303059,89.99584313
916000,45.50655411,27.56674109,89.96906222
917000,45.54521879,27.58045494,89.66186882
918000,45.64648234,27.59417269,88.88236153
919000,45.69725953,27.60789645,88.71553122
920000,45.73681527,27.62162232,88.61280611
921000,45.77537001,27.63533119,88.49334526
922000,45.80952294,27.64902609,88.41269369
923000,45.84318446,27.66272553,88.32249242
924000,45.87689439,27.67644609,88.23083976
925000,45.9066756,27.69019838,88.17341063
926000,45.93600019,27.70398737,88.11140938
927000,45.96562385,27.71781347,88.04254525
928000,45.99383411,27.73167541,87.99102446
929000,46.02015039,27.74557063,87.94889051
930000,46.04626328,27.75949506,87.90671427
931000,46.07100608,27.7734444,87.87392735
932000,46.09436761,27.78741496,87.84953189
933000,46.11641297,27.80140287,87.83249527
934000,46.13722955,27.81540446,87.82187317
935000,46.15653288,27.82941645,87.82171177
936000,46.17310013,27.84343587,87.84032985
937000,46.18889289,27.85746002,87.85749143
938000,46.20418429,27.87148642,87.87358956
939000,46.21909816,27.88551327,87.8888165
940000,46.23371014,27.8995388,87.90329661
941000,46.24807212,27.91356104,87.91711923
942000,46.26222216,27.92757799,87.93035254
943000,46.27618944,27.94158785,87.94305072
944000,46.28999706,27.95558916,87.95525809
945000,46.30366372,27.9695809,87.96701165
946000,46.31720485,27.98356246,87.97834288
947000,46.33063339,27.99753364,87.98927888
948000,46.34396031,28.01168734,87.99984329
949000,46.35505253,28.02583384,88.03212798
950000,46.36560977,28.03992898,88.06250792
951000,46.3759818,28.05397385,88.09096707
952000,46.38624664,28.06797014,88.11786931
953000,46.39644388,28.0819198,88.14342923
954000,46.40659736,28.0958245,88.16779552
955000,46.4167228,28.10968558,88.19108054
956000,46.42683122,28.12350423,88.21337392
957000,46.43693072,28.13728163,88.23474982
958000,46.44677166,28.15101901,88.25860504
959000,46.45541309,28.16471768,88.29192077
960000,46.463933,28.17837906,88.32292945
961000,46.4724273,28.19200463,88.35220426
962000,46.48093042,28.20559624,88.37999912
963000,46.48945989,28.21915579,88.40647717
964000,46.49802585,28.23268495,88.43175817
965000,46.50663459,28.24618523,88.4559367
966000,46.51529012,28.25965802,88.47909099
967000,46.52397819,28.27310471,88.50155091
968000,46.53165427,28.28652669,88.53385846
969000,46.53922054,28.29992539,88.56406244
970000,46.54680865,28.31330224,88.59254987
971000,46.55444853,28.32665888,88.61957395
972000,46.56215388,28.33999704,88.64529132
973000,46.56993181,28.35331831,88.66981581
974000,46.57778612,28.36662407,88.69323733
975000,46.58571877,28.37991561,88.71563055
976000,46.59373052,28.39319415,88.73705955
977000,46.60149906,28.40646092,88.76162926
978000,46.6083082,28.41971717,88.79377556
979000,46.61511007,28.4329641,88.82351105
980000,46.62197712,28.44620297,88.8514253
981000,46.62893338,28.45943527,88.87778196
982000,46.63598964,28.4726625,88.9027486
983000,46.64315096,28.48588594,88.92644801
984000,46.6504195,28.49910666,88.94897754
985000,46.65779567,28.51232563,88.97041833
986000,46.66527892,28.52554379,88.99084014
987000,46.67229179,28.53876207,89.01719638
988000,46.67826884,28.55198143,89.05105727
989000,46.68428781,28.56520281,89.08189407
990000,46.69042195,28.57842721,89.11047552
991000,46.69669305,28.59165594,89.13716448
992000,46.70310983,28.60489032,89.16218639
993000,46.70967526,28.61813139,89.18570435
994000,46.71638934,28.63137997,89.2078467
995000,46.72325041,28.64463677,89.22871984
996000,46.73025581,28.65790248,89.24841503
997000,46.73598886,28.6711778,89.28253797
998000,46.74087259,28.68446349,89.32022502
999000,46.74591079,28.69776025,89.35366422
1000000,46.75117405,28.71106902,89.38388239
1001000,46.75667157,28.72439113,89.41148253
1002000,46.76240339,28.73772778,89.43682629
1003000,46.76836536,28.7510798,89.46017177
1004000,46.77455106,28.76444781,89.48172175
1005000,46.78093962,28.77783229,89.50184649
1006000,46.78562209,28.79123372,89.54116138
1007000,46.78891923,28.80465266,89.58848927
1008000,46.79227245,28.81808965,89.63061896
1009000,46.7960905,28.83154548,89.66635714
1010000,46.80042929,28.84502153,89.69678538
1011000,46.80526341,28.85851917,89.72294131
1012000,46.8105553,28.87203925,89.74557467
1013000,46.81560425,28.88558223,89.77298287
1014000,46.81911137,28.89914834,89.81492295
1015000,46.82185168,28.9127378,89.86029519
1016000,46.82464756,28.92635088,89.90172911
1017000,46.8280472,28.9399884,89.93568288
1018000,46.8323457,28.95365158,89.96108478
1019000,46.83763906,28.96734166,89.97841925
1020000,46.84387434,28.98105949,89.9891249
1021000,46.85090452,28.99480557,89.99505523
1022000,46.85854766,29.00872648,89.99798101
1023000,46.86663552,29.02273146,89.99926144
1024000,46.87503877,29.03672438,89.99975797
1025000,46.88366966,29.05070573,89.99992879
1026000,46.89247259,29.0646763,89.99998107
1027000,46.90141257,29.07863711,89.99999535
1028000,46.91046662,29.09258936,89.99999885
1029000,46.91961853,29.10653431,89.99999963
1030000,46.92885613,29.12047326,89.9999998
1031000,46.93816981,29.13440745,89.99999983
1032000,46.94755175,29.14833805,89.99999985
1033000,46.95699542,29.16226611,89.99999985
1034000,46.96649529,29.17619259,89.99999986
1035000,46.97604663,29.19011834,89.99999986
1036000,46.98564534,29.2040441,89.99999987
1037000,46.99528782,29.21797055,89.99999987
1038000,47.00497091,29.23189826,89.99999987
1039000,47.01469182,29.24582774,89.99999988
1040000,47.02444803,29.25975947,89.99999988
1041000,47.0342373,29.27369385,89.99999988
1042000,47.0440576,29.28763127,89.99999988
1043000,47.05390709,29.30157206,89.99999988
1044000,47.0637841,29.31551657,89.99999988
1045000,47.0736871,29.32946509,89.99999989
1046000,47.08361469,29.34341792,89.99999989
1047000,47.09356557,29.35737535,89.99999989
1048000,47.10353855,29.37133767,89.99999989
1049000,47.11353251,29.38530516,89.99999989
1050000,47.12354644,29.39927811,89.99999989
1051000,47.13357937,29.4132568,89.99999988
1052000,47.14363041,29.42724152,89.99999988
1053000,47.15369871,29.44123258,89.99999988
1054000,47.16378349,29.45523029,89.99999988
1055000,47.17388402,29.46923495,89.99999988
1056000,47.18399958,29.48324689,89.99999988
1057000,47.19412953,29.49726645,89.99999987
1058000,47.20427325,29.51129397,89.99999987
1059000,47.21443014,29.52532981,89.99999987
1060000,47.22459966,29.53937432,89.99999986
1061000,47.23478127,29.55342788,89.99999986
1062000,47.24497448,29.56749087,89.99999985
1063000,47.2551788,29.5815637,89.99999984
1064000,47.2653938,29.59564675,89.99999984
1065000,47.27561903,29.60974046,89.99999983
1066000,47.2858541,29.62384524,89.99999982
1067000,47.29609861,29.63796153,89.9999998
1068000,47.30635219,29.65208977,89.99999979
1069000,47.3166145,29.66623042,89.99999977
1070000,47.32688519,29.68038393,89.99999974
1071000,47.33716395,29.69455078,89.99999971
1072000,47.34745046,29.70873145,89.99999967
1073000,47.35774445,29.72292643,89.99999961
1074000,47.36804563,29.73713621,89.99999954
1075000,47.37835374,29.75136131,89.99999942
1076000,47.38866853,29.76560223,89.99999925
1077000,47.39898977,29.77985949,89.99999895
1078000,47.40931723,29.79413362,89.99999843
1079000,47.41965074,29.80842516,89.9999974
1080000,47.42999016,29.82273465,89.99999509
1081000,47.44033553,29.83706265,89.99998919
1082000,47.45068751,29.8514097,89.99997146
1083000,47.46104925,29.86577637,89.99990809
1084000,47.47143658,29.88016323,89.99963403
1085000,47.48194141,29.89457087,89.99818021
1086000,47.49321445,29.90899985,89.9885591
1087000,47.51127525,29.92345077,89.90453334
1088000,47.59563373,29.93792423,89.12633261
1089000,47.6636419,29.9524209,88.8023597
1090000,47.70674367,29.96694385,88.67481688
1091000,47.74352868,29.98149204,88.57127058
1092000,47.77902214,29.99605008,88.46724897
1093000,47.81080561,30.01079028,88.38922587
1094000,47.84272323,30.02556885,88.30001051
1095000,47.8737611,30.04032521,88.22116804
1096000,47.90158532,30.05507028,88.16645967
1097000,47.92910434,30.06981241,88.1074396
1098000,47.95692985,30.08455652,88.04218073
1099000,47.98356283,30.09930535,87.99202291
1100000,48.00665983,30.1140603,87.967498
1101000,48.03079251,30.1288213,87.92787858
1102000,48.05390142,30.1435868,87.89614653
1103000,48.07585156,30.15835521,87.87176126
1104000,48.09666168,30.17312496,87.8539367
1105000,48.11638977,30.18789398,87.84190474
1106000,48.13510601,30.20265999,87.83496862
1107000,48.15279275,30.21742076,87.83382794
1108000,48.16810157,30.2321742,87.85075982
1109000,48.18271239,30.24691837,87.86642072
1110000,48.19688998,30.26165141,87.88117803
1111000,48.21074213,30.27637169,87.89519361
1112000,48.22433271,30.29107794,87.90856955
1113000,48.23770496,30.30576894,87.92137862
1114000,48.25089041,30.32044341,87.93367637
1115000,48.26391326,30.33510003,87.94550712
1116000,48.27679272,30.34973752,87.95690734
1117000,48.28954443,30.36435478,87.96790773
1118000,48.30218139,30.37895092,87.97853458
1119000,48.31471458,30.39352525,87.98881071
1120000,48.32715337,30.40807738,87.99875617
1121000,48.33775473,30.42260711,88.02683321
1122000,48.34760861,30.43711449,88.05566282
1123000,48.35727422,30.45159969,88.08269788
1124000,48.36683184,30.46606309,88.10830181
1125000,48.37632036,30.48050556,88.1326777
1126000,48.38576254,30.49492814,88.15596253
1127000,48.39517321,30.50933186,88.17825839
1128000,48.40456266,30.52371758,88.19964615
1129000,48.41393843,30.53808606,88.22019259
1130000,48.4233062,30.55243807,88.23995433
1131000,48.4321586,30.56677435,88.26502806
1132000,48.44011655,30.58109572,88.2956866
1133000,48.44798744,30.59540306,88.32444529
1134000,48.4558387,30.60969726,88.35171668
1135000,48.46369721,30.62397943,88.37770373
1136000,48.47157696,30.6382509,88.40253923
1137000,48.47948614,30.65251297,88.42632173
1138000,48.48742988,30.66676691,88.44912979
1139000,48.49541147,30.68101385,88.47102894
1140000,48.50343306,30.69525492,88.49207542
1141000,48.51096332,30.7094912,88.51838732
1142000,48.5179419,30.72372379,88.54749207
1143000,48.52490802,30.73795383,88.57489399
1144000,48.53190529,30.75218241,88.60091473
1145000,48.53895109,30.7664108,88.62572137
1146000,48.54605405,30.7806404,88.64942651
1147000,48.55321875,30.79487257,88.67211562
1148000,48.56044765,30.8091086,88.69385817
1149000,48.56774197,30.82334967,88.71471301
1150000,48.57510212,30.83759696,88.73473142
1151000,48.5824039,30.85185156,88.75566143
1152000,48.5886708,30.86611461,88.78602927
1153000,48.59488449,30.88038723,88.81415738
1154000,48.60114274,30.89467051,88.84061986
1155000,48.60747127,30.9089656,88.86567784
1156000,48.61388135,30.92327385,88.88948716
1157000,48.62037832,30.93759661,88.91215845
1158000,48.62696464,30.95193516,88.93377803
1159000,48.6336411,30.96629065,88.9544172
1160000,48.64040755,30.98066417,88.97413705
1161000,48.64726321,30.99505672,88.99299127
1162000,48.65355037,31.00962969,89.01867653
1163000,48.65897261,31.02427017,89.04997047
1164000,48.66443242,31.03888767,89.07864243
1165000,48.66998821,31.05348309,89.10536397
1166000,48.67565864,31.06805755,89.13044151
1167000,48.68145134,31.08261233,89.154064
1168000,48.68736909,31.09714866,89.1763676
1169000,48.6934122,31.11166765,89.19745946
1170000,48.69957955,31.12617028,89.2174286
1171000,48.70586918,31.1406574,89.23635158
1172000,48.71214296,31.15512985,89.2561505
1173000,48.71677571,31.16958843,89.29221926
1174000,48.72116928,31.18403397,89.32603275
1175000,48.72572641,31.19846723,89.35639746
1176000,48.73047676,31.21288902,89.38414841
1177000,48.73542562,31.22730045,89.40971858
1178000,48.74057256,31.24170278,89.43337898
1179000,48.74591419,31.25609709,89.45532839
1180000,48.75144549,31.27048431,89.47572591
1181000,48.75716045,31.28486521,89.49470542
1182000,48.7622178,31.29924046,89.5221992
1183000,48.76533527,31.31361072,89.56614706
1184000,48.76812674,31.32797665,89.60795537
1185000,48.77123455,31.34233883,89.64405347
1186000,48.77478434,31.35669799,89.67509294
1187000,48.77877047,31.3710553,89.70205116
1188000,48.78316522,31.38541206,89.72563936
1189000,48.78794,31.39976936,89.74636319
1190000,48.79241122,31.41412803,89.77222966
1191000,48.79540145,31.42848865,89.81183449
1192000,48.79762875,31.44285172,89.85499264
1193000,48.79983836,31.45721762,89.89504335
1194000,48.80253141,31.47158681,89.9287095
1195000,48.80599231,31.48596015,89.95481929
1196000,48.81033923,31.50033874,89.97350331
1197000,48.81556209,31.51472374,89.98574634
1198000,48.82155905,31.52911608,89.99302192
1199000,48.82817958,31.54351648,89.99690971
1200000,48.83526753,31.55792544,89.99876674
1201000,48.84269127,31.57234335,89.99955724
1202000,48.85035499,31.58677059,89.99985696
1203000,48.85819548,31.60120766,89.9999583
1204000,48.86617285,31.61565519,89.99998892
1205000,48.87426165,31.63011399,89.99999723
1206000,48.88244475,31.64458503,89.99999926
1207000,48.89070978,31.65906942,89.99999971
1208000,48.89904727,31.67356833,89.99999981
1209000,48.90744961,31.68808302,89.99999984
1210000,48.91591054,31.70261473,89.99999985
1211000,48.92442476,31.71716469,89.99999985
1212000,48.93298774,31.73173412,89.99999986
1213000,48.94159558,31.74632417,89.99999986
1214000,48.95024482,31.76093595,89.99999987
1215000,48.95893246,31.77557051,89.99999987
1216000,48.96765579,31.79022885,89.99999988
1217000,48.97641242,31.80491193,89.99999988
1218000,48.98520016,31.81962066,89.99999988
1219000,48.99401708,31.83435589,89.99999988
1220000,49.0028614,31.84911845,89.99999989
1221000,49.01173149,31.86390915,89.99999989
1222000,49.02062587,31.87872873,89.99999989
1223000,49.0295432,31.89357796,89.99999989
1224000,49.03848222,31.90845754,89.99999989
1225000,49.04744177,31.92336819,89.99999989
1226000,49.05642079,31.93831058,89.99999989
1227000,49.06541829,31.95328541,89.99999989
1228000,49.07443335,31.96829334,89.99999989
1229000,49.0834651,31.98333502,89.99999989
1230000,49.09251275,31.99841114,89.99999989
1231000,49.10157554,32.01374477,89.99999989
1232000,49.11065278,32.02909356,89.99999989
1233000,49.11974379,32.04442928,89.99999989
1234000,49.12884796,32.05975244,89.99999989
1235000,49.13796471,32.07506358,89.99999989
1236000,49.14709347,32.09036322,89.99999989
1237000,49.15623372,32.10565191,89.99999989
1238000,49.16538497,32.12093016,89.99999989
1239000,49.17454675,32.13619854,89.99999988
1240000,49.18371861,32.15145759,89.99999988
1241000,49.19290012,32.16670786,89.99999988
1242000,49.2020909,32.1819499,89.99999988
1243000,49.21129054,32.19718429,89.99999987
1244000,49.22049869,32.21241159,89.99999987
1245000,49.229715,32.22763238,89.99999987
1246000,49.23893913,32.24284725,89.99999986
1247000,49.24817077,32.25805678,89.99999985
1248000,49.25740961,32.27326158,89.99999985
1249000,49.26665536,32.28846224,89.99999984
1250000,49.27590775,32.30365937,89.99999983
1251000,49.28516651,32.31885359,89.99999982
1252000,49.29443138,32.33404553,89.99999981
1253000,49.30370212,32.34923581,89.9999998
1254000,49.31297849,32.36442506,89.99999978
1255000,49.32226027,32.37961394,89.99999976
1256000,49.33154725,32.39480308,89.99999973
1257000,49.34083922,32.40999314,89.9999997
1258000,49.35013597,32.42518479,89.99999965
1259000,49.35943733,32.44037868,89.9999996
1260000,49.3687431,32.4555755,89.99999952
1261000,49.37805312,32.47077592,89.9999994
1262000,49.38736722,32.48598062,89.99999922
1263000,49.39668524,32.5011903,89.99999894
1264000,49.40600704,32.51640565,89.99999843
1265000,49.4153325,32.53162737,89.99999747
1266000,49.42466153,32.54685618,89.99999541
1267000,49.4339942,32.56209277,89.99999043
1268000,49.44333099,32.57733788,89.99997654
1269000,49.45267403,32.59259223,89.99993111
1270000,49.46203295,32.60785653,89.99975494
1271000,49.4714571,32.62313154,89.99893407
1272000,49.48124761,32.63841799,89.99428053
1273000,49.49367598,32.65371662,89.96125528
1274000,49.53358494,32.66902819,89.62367459
1275000,49.62866719,32.68435345,88.89820294
1276000,49.67582513,32.69969306,88.7353209
1277000,49.71154337,32.71505056,88.6439078
1278000,49.74501115,32.73042744,88.5443372
1279000,49.77671289,32.7458143,88.45583496
1280000,49.80564339,32.76120336,88.3834175
1281000,49.83482831,32.77659441,88.30109532
1282000,49.86346822,32.79199251,88.22618295
1283000,49.8889492,32.80740462,88.17642371
1284000,49.91405919,32.82283805,88.1233594
1285000,49.93934607,32.83829906,88.06540145
1286000,49.96519381,32.85379239,88.00095531
1287000,49.9866027,32.86932178,87.98344131
1288000,50.00716198,32.88489015,87.96097839
1289000,50.02851865,32.90049945,87.92832968
1290000,50.04907234,32.91615049,87.90184352
1291000,50.06870294,32.9318437,87.88116624
1292000,50.08741408,32.94757955,87.86574478
1293000,50.10524369,32.96335816,87.85502327
1294000,50.12224138,32.97917921,87.8484877
1295000,50.13845969,32.99504214,87.84567689
1296000,50.15371485,33.01112933,87.84922013
1297000,50.16729092,33.02729396,87.86389
1298000,50.1803692,33.04344362,87.877637
1299000,50.19311761,33.05957748,87.89069131
1300000,50.205611,33.07569469,87.90316378
1301000,50.21789463,33.0917946,87.91512589
1302000,50.22999968,33.10787669,87.9266296
1303000,50.24194926,33.12394046,87.93771532
1304000,50.25376139,33.13998538,87.94841586
1305000,50.2654506,33.15601089,87.95875867
1306000,50.27702892,33.17201643,87.96876719
1307000,50.28850649,33.18800151,87.97846177
1308000,50.29989199,33.20396568,87.98786028
1309000,50.31119296,33.21990865,87.99697858
1310000,50.32125458,33.2358302,88.01868223
1311000,50.33023324,33.25173026,88.04548969
1312000,50.33901239,33.26760892,88.07063159
1313000,50.34768032,33.28346626,88.09449078
1314000,50.35627616,33.29930255,88.11726034
1315000,50.36482194,33.31511835,88.1390647
1316000,50.37333174,33.33091443,88.15999454
1317000,50.38181527,33.34669163,88.18012091
1318000,50.39027963,33.36245071,88.19950211
1319000,50.39873021,33.37819244,88.21818753
1320000,50.40717122,33.39391753,88.2362199
1321000,50.41544205,33.40962667,88.2558408
1322000,50.42264598,33.42532059,88.28432505
1323000,50.42972798,33.44100004,88.31097266
1324000,50.43677648,33.45666579,88.33629261
1325000,50.44382065,33.47231864,88.36048561
1326000,50.45087484,33.48795948,88.38367327
1327000,50.45794724,33.50358941,88.40594258
1328000,50.46504301,33.51920954,88.42736159
1329000,50.4721655,33.53482101,88.4479865
1330000,50.47931697,33.5504249,88.46786533
1331000,50.48649897,33.56602228,88.4870401
1332000,50.4935179,33.5816142,88.50804922
1333000,50.49978075,33.5972017,88.5350418
1334000,50.50599668,33.61278582,88.5604129
1335000,50.51222482,33.62836762,88.58456194
1336000,50.51848488,33.64394813,88.6076546
1337000,50.52478618,33.65952848,88.62979357
1338000,50.53113369,33.6751099,88.6510537
1339000,50.53753022,33.69069366,88.67149448
1340000,50.54397731,33.706281,88.69116577
1341000,50.55047576,33.72187313,88.7101107
1342000,50.55702584,33.73747122,88.72836747
1343000,50.56362751,33.75307642,88.74597037
1344000,50.56958059,33.76868988,88.77066694
1345000,50.57509579,33.78431271,88.79696277
1346000,50.58062025,33.79994606,88.82168565
1347000,50.5861897,33.81559104,88.84515459
1348000,50.59181817,33.83124876,88.86752758
1349000,50.59751236,33.84692046,88.8889078
1350000,50.60327558,33.86260745,88.90937222
1351000,50.60910942,33.87831103,88.92898277
1352000,50.61501441,33.89403247,88.94779173
1353000,50.62099044,33.90977298,88.96584459
1354000,50.62703698,33.92553372,88.9831818
1355000,50.63315324,33.94131583,88.9998398
1356000,50.63821931,33.95712043,89.0277195
1357000,50.64299152,33.97294862,89.05506571
1358000,50.64781289,33.98880152,89.08048258
1359000,50.65271417,34.00476227,89.10438789
1360000,50.65770724,34.02091111,89.12698737
1361000,50.66279722,34.03703345,89.14841437
1362000,50.66798613,34.05313055,89.1687678
1363000,50.67327428,34.0692037,89.18812697
1364000,50.67866101,34.08525409,89.20655867
1365000,50.68414504,34.10128286,89.22412093
1366000,50.6897247,34.11729108,89.24086528
1367000,50.69504939,34.13327977,89.26122366
1368000,50.6989537,34.14924995,89.29413201
1369000,50.70278192,34.16520261,89.32416757
1370000,50.70674563,34.18113874,89.3514814
1371000,50.71086221,34.19705925,89.37670579
1372000,50.71513577,34.21296515,89.40015876
1373000,50.71956655,34.22885765,89.42204237
1374000,50.72415261,34.24473801,89.44250645
1375000,50.72889079,34.26060744,89.46167177
1376000,50.73377715,34.27646707,89.47964069
1377000,50.73880725,34.29231792,89.49650258
1378000,50.74306787,34.30816098,89.52282495
1379000,50.7456383,34.32399717,89.56278962
1380000,50.74795666,34.33982741,89.6005837
1381000,50.75053637,34.35565257,89.63360167
1382000,50.75347128,34.37147345,89.66246628
1383000,50.75675568,34.38729101,89.687965
1384000,50.76036988,34.40310646,89.71064247
1385000,50.76429469,34.41892111,89.73087657
1386000,50.76851177,34.43473621,89.74895981
1387000,50.77220868,34.45055288,89.77412736
1388000,50.77454614,34.4663721,89.81116474
1389000,50.77620622,34.48219475,89.8511681
1390000,50.77781593,34.49802164,89.88870016
1391000,50.77979331,34.51385346,89.92105585
1392000,50.78238528,34.529691,89.94714495
1393000,50.78571418,34.54553528,89.96683873
1394000,50.78980583,34.5613875,89.98066349
1395000,50.79460953,34.57724889,89.98960395
1396000,50.8000219,34.59312065,89.99488136
1397000,50.80591635,34.60900382,89.99770368
1398000,50.81217102,34.62489931,89.99906438
1399000,50.81868662,34.64080792,89.99965429
1400000,50.82539173,34.65673037,89.99988413
1401000,50.83223907,34.67266737,89.99996468
1402000,50.83919842,34.68861966,89.99999011
1403000,50.84625022,34.70458808,89.99999737
1404000,50.85338114,34.72057353,89.99999925
1405000,50.86058143,34.73657705,89.9999997
1406000,50.86784354,34.75259974,89.9999998
1407000,50.87516135,34.7686428,89.99999983
1408000,50.88252976,34.78470749,89.99999984
1409000,50.88994443,34.8007951,89.99999985
1410000,50.8974016,34.81690696,89.99999985
1411000,50.904898,34.83304438,89.99999986
1412000,50.91243074,34.84920871,89.99999986
1413000,50.91999722,34.86540126,89.99999987
1414000,50.92759516,34.88162334,89.99999987
1415000,50.93522247,34.89787624,89.99999988
1416000,50.94287728,34.91416122,89.99999988
1417000,50.95055787,34.93047954,89.99999988
1418000,50.95826267,34.94683242,89.99999988
1419000,50.96599028,34.96322107,89.99999989
1420000,50.97373935,34.97964667,89.99999989
1421000,50.98150869,34.9961104,89.99999989
1422000,50.98929718,35.01282425,89.99999989
1423000,50.99710377,35.02959176,89.99999989
1424000,51.0049275,35.0463419,89.99999989
1425000,51.01276748,35.06307564,89.9999999
1426000,51.02062286,35.07979393,89.9999999
1427000,51.02849288,35.09649773,89.9999999
1428000,51.0363768,35.11318796,89.9999999
1429000,51.04427393,35.12986554,89.9999999
1430000,51.05218363,35.1465314,89.9999999
1431000,51.06010531,35.16318646,89.9999999
1432000,51.06803838,35.17983161,89.9999999
1433000,51.07598233,35.19646776,89.9999999
1434000,51.08393665,35.21309581,89.9999999
1435000,51.09190085,35.22971668,89.9999999
1436000,51.09987449,35.24633125,89.9999999
1437000,51.10785714,35.26294043,89.9999999
1438000,51.1158484,35.27954512,89.9999999
1439000,51.12384789,35.29614622,89.9999999
1440000,51.13185524,35.31274464,89.9999999
1441000,51.1398701,35.32934128,89.9999999
1442000,51.14789215,35.34593706,89.99999989
1443000,51.15592107,35.36253288,89.99999989
1444000,51.16395656,35.37912967,89.99999989
1445000,51.17199834,35.39572834,89.99999989
1446000,51.18004614,35.41232983,89.99999989
1447000,51.18809969,35.42893505,89.99999989
1448000,51.19615874,35.44554495,89.99999988
1449000,51.20422306,35.46216045,89.99999988
1450000,51.21229242,35.47878252,89.99999988
1451000,51.2203666,35.49541208,89.99999987
1452000,51.22844539,35.51205011,89.99999987
1453000,51.23652858,35.52869755,89.99999987
1454000,51.24461599,35.54535538,89.99999986
1455000,51.25270743,35.56202456,89.99999986
1456000,51.26080271,35.57870608,89.99999985
1457000,51.26890167,35.59540091,89.99999984
1458000,51.27700415,35.61211005,89.99999984
1459000,51.28510997,35.62883448,89.99999983
1460000,51.29321899,35.64557522,89.99999982
1461000,51.30133106,35.66233326,89.9999998
1462000,51.30944604,35.67910963,89.99999979
1463000,51.3175638,35.69590534,89.99999977
1464000,51.32568418,35.71272141,89.99999975
1465000,51.33380708,35.72955889,89.99999973
1466000,51.34193237,35.74641882,89.9999997
1467000,51.35005992,35.76330223,89.99999966
1468000,51.35818963,35.78021018,89.9999996
1469000,51.36632138,35.79714373,89.99999953
1470000,51.37445507,35.81410395,89.99999944
1471000,51.38259059,35.83109191,89.99999929
1472000,51.39072785,35.84810869,89.99999908
1473000,51.39886676,35.86515537,89.99999873
1474000,51.40700724,35.88223306,89.99999812
1475000,51.41514923,35.89934285,89.99999695
1476000,51.42329273,35.91648585,89.9999945
1477000,51.43143785,35.93366317,89.99998873
1478000,51.43958519,35.95087595,89.99997327
1479000,51.44773693,35.96812529,89.99992559
1480000,51.45590203,35.98541235,89.99975456
1481000,51.46412195,36.00278713,89.99903376
1482000,51.47262007,36.02042493,89.99542815
1483000,51.48283993,36.03803891,89.9735662
1484000,51.50744259,36.05563009,89.79426143
1485000,51.59972701,36.07319954,88.9918895
1486000,51.64890717,36.09074825,88.81342705
1487000,51.68552315,36.108277,88.69892619
1488000,51.71569715,36.12578952,88.61813593
1489000,51.74523941,36.14328864,88.5267339
1490000,51.77283079,36.16077046,88.45283258
1491000,51.79841756,36.17822931,88.38868121
1492000,51.82423679,36.19566218,88.3167078
1493000,51.8505684,36.21306953,88.24022752
1494000,51.87353507,36.23045414,88.19639547
1495000,51.89591547,36.24782006,88.15063802
1496000,51.91829306,36.26517196,88.10149652
1497000,51.94097991,36.28251434,88.04787224
1498000,51.9636234,36.29985118,87.99677125
1499000,51.9822963,36.31718603,87.98237952
1500000,52.00000317,36.33452209,87.96831689
1501000,52.01873428,36.35186217,87.93981373
1502000,52.03701667,36.36920852,87.91570229
1503000,52.05460565,36.38656276,87.89617709
1504000,52.07147263,36.40392639,87.88089808
1505000,52.08763236,36.42130089,87.86947986
1506000,52.10311469,36.43868754,87.86154954
1507000,52.11795485,36.45608738,87.85676305
1508000,52.13218929,36.47350121,87.85480913
1509000,52.14585382,36.49092967,87.85540868